Week_Number,CATEGORY,Revenue
1,Wine,"$37,716.18 "
1,Beer,"$21,529.28 "
1,Self Service Deli Cold,"$16,656.33 "
1,Fresh Beef,"$14,451.50 "
1,Carbonated Beverages,"$11,805.05 "
1,Salty Snacks,"$11,577.32 "
1,Cheese,"$10,196.44 "
1,Fresh Shellfish,"$9,366.37 "
1,Service Deli,"$8,983.45 "
1,In Store Bakery,"$8,955.94 "
1,Other Vegetables,"$8,162.21 "
1,Fresh Chicken,"$7,904.20 "
1,Fresh Cut,"$7,513.39 "
1,major misc,"$7,495.04 "
1,Coffee,"$5,999.92 "
1,Fresh Pork,"$5,877.93 "
1,Self Service Deli Food Bar,"$5,819.32 "
1,Commercial Bread,"$5,477.67 "
1,Cereal,"$5,420.65 "
1,Bacon,"$5,126.62 "
1,Ice Cream,"$4,926.33 "
1,Crackers,"$4,910.77 "
1,Paper,"$4,669.43 "
1,Bottled Water,"$4,601.97 "
1,Juice,"$4,456.99 "
1,Frozen Poultry and Meat,"$4,171.70 "
1,Packaged Salad,"$3,898.77 "
1,Refrigerated Beverages,"$3,728.40 "
1,Fluid Milk,"$3,644.93 "
1,Cream or Creamer,"$3,450.94 "
1,Functional Beverages,"$3,328.68 "
1,Candy,"$3,255.36 "
1,Frozen Pizza,"$3,161.08 "
1,Yogurt,"$3,030.49 "
1,Soup,"$2,943.40 "
1,Frozen Snack,"$2,838.08 "
1,Eggs,"$2,818.35 "
1,Frozen Vegetables,"$2,478.37 "
1,Dog Food,"$2,443.07 "
1,Single Serve Meals,"$2,399.20 "
1,Apples,"$2,398.06 "
1,Snack Nuts and Dried Fruit,"$2,391.91 "
1,Citrus,"$2,390.81 "
1,Spices,"$2,357.06 "
1,Laundry,"$2,350.24 "
1,Plastic,"$2,208.02 "
1,Fresh Fish,"$2,101.68 "
1,Berries,"$2,062.56 "
1,Bakery Bread,"$2,016.65 "
1,Liquor,"$2,016.15 "
1,Breakfast Sausage,"$1,982.54 "
1,Margarine or Butter,"$1,951.39 "
1,Cookies,"$1,937.90 "
1,Tomatoes,"$1,917.87 "
1,Refrigerated Baking,"$1,863.81 "
1,Potatoes,"$1,822.57 "
1,Bouquets and Cut Flowers,"$1,794.65 "
1,Hot Dogs,"$1,703.46 "
1,Canned Vegetables,"$1,662.46 "
1,Cough and Cold,"$1,646.48 "
1,Grapes,"$1,605.48 "
1,Ham,"$1,602.65 "
1,Lunchmeat,"$1,577.30 "
1,Table Top,"$1,555.26 "
1,Fresh Sausage,"$1,536.34 "
1,Frozen Breakfast,"$1,500.74 "
1,Multi Serve Meals,"$1,499.02 "
1,Frozen Desserts or Fruit and Toppings,"$1,481.50 "
1,Cultured,"$1,467.62 "
1,Baby Food,"$1,455.70 "
1,Canned Beans,"$1,443.13 "
1,Adult Nutrition,"$1,437.54 "
1,Oil,"$1,413.28 "
1,Peppers,"$1,403.89 "
1,Fresh Prepared Meat,"$1,400.32 "
1,Baking Ingredients,"$1,397.41 "
1,Onions,"$1,391.51 "
1,Frozen Bake,"$1,381.07 "
1,Tobacco,"$1,377.96 "
1,Pasta Sauce,"$1,377.85 "
1,Dinner Sausage,"$1,347.21 "
1,Salad Dressing,"$1,339.89 "
1,Salad Dressings and Dips,"$1,337.98 "
1,Other Prepared and Ready To Heat,"$1,336.53 "
1,Alternative Beverages,"$1,206.84 "
1,Cat Food,"$1,180.83 "
1,Other Seafood,"$1,116.26 "
1,Cleaners,"$1,095.09 "
1,Pasta,"$1,086.69 "
1,Broccoli and Cauliflower,"$1,084.62 "
1,Rice,"$1,069.30 "
1,Bananas,"$1,065.77 "
1,Pickles and Olives,"$1,033.60 "
1,Dairy Alternative Milk,"$1,011.02 "
1,Grill Accessories,"$1,004.67 "
1,Frozen Potatoes or Onions,$995.93 
1,Pet Supplies,$991.97 
1,Sweet Goods,$984.17 
1,Canned Fruit,$982.75 
1,Kitchen Accessories,$950.73 
1,Carrots,$943.40 
1,Sugar and Sweeteners,$926.32 
1,Oral Hygiene,$922.40 
1,Baking Mixes,$919.28 
1,Mushrooms,$907.73 
1,Canned Tomatoes,$900.91 
1,Flavored Milk,$882.72 
1,Dishwash,$879.62 
1,Herbs,$872.37 
1,Lettuce,$869.59 
1,Jelly,$857.01 
1,Frozen Seafood,$825.87 
1,Barbecue Sauces,$818.05 
1,Fresh Turkey,$808.03 
1,Hispanic,$803.54 
1,Analgesics,$802.50 
1,Shelf Stable Seafood,$794.13 
1,Peanut Butter,$789.83 
1,Produce Juice,$779.18 
1,Feminine Hygiene,$764.39 
1,Bulk Nuts,$744.45 
1,Dry Bean and Veg,$730.44 
1,Flour and Breading,$710.14 
1,Hair Care,$697.61 
1,Dips and Salsas,$685.00 
1,Dry Dinners Pasta,$651.52 
1,Skin Care,$649.57 
1,Tea,$648.44 
1,Asian,$645.47 
1,Tortilla,$639.57 
1,Condiments and Sauces,$638.00 
1,Air Fresheners,$634.32 
1,Specialty Milk,$605.42 
1,Mayonnaise,$595.35 
1,Magazines,$575.99 
1,Antacids and Laxatives,$572.88 
1,Vitamins and Supplements,$562.81 
1,Cookware and Bakeware,$553.77 
1,Greeting Cards Gift Wrap and Party,$537.77 
1,Specialty Fruits,$505.91 
1,Canned Meat Hashes and Stews,$503.44 
1,Batteries,$498.74 
1,Dry Mix,$479.05 
1,Lunch Combos,$477.70 
1,Chili or Hot Sauce,$456.14 
1,Tonic and Mixers,$448.59 
1,Diapers and Training Pants,$447.28 
1,Tree Fruit,$437.65 
1,Syrup,$406.04 
1,Vinegar,$387.41 
1,Deodorant,$384.67 
1,Seasonal Merchandise and Misc GM,$377.72 
1,Catsup or Ketchup,$377.62 
1,Dessert,$354.58 
1,Housewares,$350.73 
1,Frozen Fish,$342.64 
1,Ice,$338.64 
1,Gum,$338.24 
1,Soap,$324.90 
1,Gifts,$321.86 
1,Bath,$321.02 
1,Ethnic Specialty,$300.83 
1,Drink Mix,$292.39 
1,Salad Toppings,$292.24 
1,Refrigerated Pasta and Sauce,$291.75 
1,Plants,$280.84 
1,Meat Snack,$270.99 
1,Frozen Shellfish,$267.76 
1,Face Care,$267.07 
1,Pickles,$260.49 
1,Milk or Water Modifiers,$254.07 
1,Pancake and Waffle Mixes,$251.88 
1,Mustard,$248.97 
1,Meat or Cheese Alternative,$248.47 
1,Baby HBC,$243.93 
1,First Aid,$230.32 
1,Canned Pasta,$223.71 
1,Cosmetic,$211.85 
1,Corn,$206.15 
1,Hardware,$203.60 
1,Melons,$201.04 
1,Fruit Snacks,$184.19 
1,Cleaner Accessories,$179.11 
1,Toys,$165.70 
1,Eye and Ear Care,$153.66 
1,Frozen Juice,$149.77 
1,Cake Decorating,$141.12 
1,Refrigerated Desserts,$133.70 
1,Incontinence,$128.35 
1,School and Office Supplies,$127.81 
1,Bulk Dried Fruit,$125.94 
1,Potatoes Packaged,$119.58 
1,Chili,$111.35 
1,Fresh Lamb,$110.63 
1,Kosher,$109.62 
1,Misc Meat,$97.97 
1,Electronics,$95.92 
1,Misc Produce,$95.18 
1,Hair Accessories,$93.39 
1,Shelf Stable Milk and Milk Like Bev,$86.85 
1,Hair Color,$85.20 
1,Salad or Side Toppings,$85.08 
1,Misc HBC,$83.06 
1,Misc Dairy,$78.69 
1,Personal Goods,$75.89 
1,Books,$66.90 
1,Dry Packaged Dinners and Kits,$64.12 
1,Nail Care,$55.92 
1,Stuffing Products,$55.24 
1,Shelf Stable Entrees,$53.27 
1,Hosiery,$40.07 
1,Family Planning,$39.56 
1,Auto,$39.39 
1,Foot Care,$39.12 
1,Sporting Goods,$33.71 
1,Insect and Rodent,$23.39 
1,Frozen Pet,$19.60 
1,Fresh Veal,$13.98 
1,Bulk Candy,$12.71 
1,Clothing Care,$12.46 
1,Bulk Beans and Grains,$10.50 
1,Audio Video,$9.98 
1,Newspapers Calendars Maps,$4.00 
1,Lawn And Garden Accessories,$2.98 
1,Gift Cards,"($2,809.99)"
48,Wine,"$6,910.52 "
48,Fresh Beef,"$6,352.10 "
48,Self Service Deli Cold,"$5,544.79 "
48,Salty Snacks,"$5,209.92 "
48,Service Deli,"$4,806.50 "
48,Beer,"$4,745.96 "
48,Carbonated Beverages,"$4,580.06 "
48,Fresh Chicken,"$4,369.78 "
48,Cheese,"$4,349.77 "
48,Coffee,"$3,986.47 "
48,Cereal,"$3,942.25 "
48,Commercial Bread,"$3,339.34 "
48,Other Vegetables,"$3,077.49 "
48,Self Service Deli Food Bar,"$2,745.82 "
48,In Store Bakery,"$2,675.25 "
48,Paper,"$2,568.29 "
48,Yogurt,"$2,546.37 "
48,Fresh Cut,"$2,524.20 "
48,Crackers,"$2,147.46 "
48,Ice Cream,"$2,146.34 "
48,Fluid Milk,"$2,114.46 "
48,Apples,"$2,022.90 "
48,Bacon,"$1,996.75 "
48,Frozen Poultry and Meat,"$1,958.34 "
48,Soup,"$1,952.08 "
48,Bottled Water,"$1,951.30 "
48,Packaged Salad,"$1,938.99 "
48,Cream or Creamer,"$1,894.42 "
48,Functional Beverages,"$1,788.85 "
48,Eggs,"$1,779.93 "
48,Frozen Pizza,"$1,606.80 "
48,Single Serve Meals,"$1,553.93 "
48,Candy,"$1,524.99 "
48,Refrigerated Beverages,"$1,516.39 "
48,Fresh Pork,"$1,515.82 "
48,Adult Nutrition,"$1,511.01 "
48,Laundry,"$1,487.98 "
48,Frozen Vegetables,"$1,455.16 "
48,major misc,"$1,452.90 "
48,Cookies,"$1,370.61 "
48,Berries,"$1,330.97 "
48,Snack Nuts and Dried Fruit,"$1,253.18 "
48,Frozen Breakfast,"$1,235.47 "
48,Lunchmeat,"$1,233.77 "
48,Fresh Shellfish,"$1,217.22 "
48,Dog Food,"$1,195.36 "
48,Spices,"$1,117.12 "
48,Citrus,"$1,107.26 "
48,Baking Ingredients,"$1,104.37 "
48,Plastic,"$1,067.16 "
48,Grapes,"$1,062.87 "
48,Margarine or Butter,"$1,020.64 "
48,Juice,"$1,008.07 "
48,Frozen Snack,$915.95 
48,Tomatoes,$904.37 
48,Bakery Bread,$901.89 
48,Multi Serve Meals,$884.59 
48,Fresh Fish,$882.02 
48,Pasta Sauce,$863.63 
48,Lunch Combos,$855.68 
48,Pasta,$834.91 
48,Breakfast Sausage,$815.12 
48,Oil,$811.99 
48,Frozen Desserts or Fruit and Toppings,$803.86 
48,Peppers,$783.04 
48,Refrigerated Baking,$771.00 
48,Broccoli and Cauliflower,$760.50 
48,Canned Fruit,$757.81 
48,Potatoes,$725.80 
48,Rice,$725.30 
48,Hair Care,$714.98 
48,Dairy Alternative Milk,$713.41 
48,Frozen Bake,$712.89 
48,Other Prepared and Ready To Heat,$704.51 
48,Onions,$682.97 
48,Flavored Milk,$663.08 
48,Cough and Cold,$655.04 
48,Peanut Butter,$651.43 
48,Fresh Prepared Meat,$650.77 
48,Cat Food,$650.30 
48,Fresh Turkey,$645.45 
48,Fresh Sausage,$639.11 
48,Oral Hygiene,$636.99 
48,Baby Food,$631.89 
48,Sweet Goods,$624.59 
48,Dinner Sausage,$615.98 
48,Bananas,$597.13 
48,Carrots,$588.42 
48,Canned Vegetables,$570.04 
48,Frozen Seafood,$560.37 
48,Alternative Beverages,$554.96 
48,Cleaners,$542.66 
48,Cultured,$511.68 
48,Salad Dressing,$506.30 
48,Tortilla,$495.76 
48,Table Top,$494.49 
48,Sugar and Sweeteners,$494.23 
48,Canned Tomatoes,$493.28 
48,Produce Juice,$488.17 
48,Hot Dogs,$481.21 
48,Dishwash,$459.27 
48,Canned Beans,$452.87 
48,Mushrooms,$445.61 
48,Hispanic,$441.97 
48,Asian,$431.72 
48,Lettuce,$420.20 
48,Dry Dinners Pasta,$420.10 
48,Jelly,$417.45 
48,Frozen Potatoes or Onions,$416.25 
48,Pickles and Olives,$414.93 
48,Pet Supplies,$412.02 
48,Tobacco,$400.42 
48,Salad Dressings and Dips,$363.64 
48,Skin Care,$360.91 
48,Shelf Stable Seafood,$358.68 
48,Vitamins and Supplements,$349.75 
48,Baking Mixes,$340.84 
48,Ham,$340.80 
48,Tea,$328.98 
48,Deodorant,$324.24 
48,Other Seafood,$316.89 
48,Kitchen Accessories,$314.09 
48,Herbs,$309.44 
48,Dips and Salsas,$307.82 
48,Mayonnaise,$291.00 
48,Bulk Nuts,$290.99 
48,Frozen Fish,$290.59 
48,Batteries,$289.40 
48,Diapers and Training Pants,$287.15 
48,Specialty Milk,$271.20 
48,Flour and Breading,$262.39 
48,Bouquets and Cut Flowers,$260.36 
48,Analgesics,$257.22 
48,Housewares,$255.94 
48,Fruit Snacks,$254.67 
48,Soap,$249.26 
48,Antacids and Laxatives,$242.87 
48,Feminine Hygiene,$237.18 
48,Refrigerated Pasta and Sauce,$230.89 
48,Meat or Cheese Alternative,$229.18 
48,Meat Snack,$221.93 
48,Syrup,$217.03 
48,Gum,$216.80 
48,Dry Mix,$207.29 
48,Condiments and Sauces,$205.91 
48,Canned Meat Hashes and Stews,$200.80 
48,Face Care,$198.77 
48,Greeting Cards Gift Wrap and Party,$197.67 
48,Liquor,$192.30 
48,Specialty Fruits,$186.27 
48,Cookware and Bakeware,$181.36 
48,Cleaner Accessories,$178.41 
48,Barbecue Sauces,$175.30 
48,First Aid,$166.21 
48,Catsup or Ketchup,$165.45 
48,Ethnic Specialty,$159.14 
48,Bath,$158.06 
48,Magazines,$156.26 
48,Milk or Water Modifiers,$155.67 
48,Grill Accessories,$154.26 
48,Salad Toppings,$140.37 
48,Drink Mix,$135.05 
48,Dessert,$134.29 
48,Tree Fruit,$133.37 
48,Eye and Ear Care,$129.76 
48,Pancake and Waffle Mixes,$124.44 
48,Chili or Hot Sauce,$120.23 
48,Canned Pasta,$117.86 
48,Books,$117.31 
48,Personal Goods,$117.10 
48,Vinegar,$114.51 
48,Hardware,$109.31 
48,Refrigerated Desserts,$104.74 
48,Dry Bean and Veg,$100.97 
48,Incontinence,$95.28 
48,Baby HBC,$93.34 
48,School and Office Supplies,$91.05 
48,Tonic and Mixers,$87.42 
48,Frozen Shellfish,$85.92 
48,Bulk Dried Fruit,$84.70 
48,Family Planning,$80.88 
48,Cosmetic,$78.42 
48,Plants,$77.94 
48,Mustard,$76.35 
48,Chili,$73.49 
48,Ice,$72.21 
48,Pickles,$71.86 
48,Air Fresheners,$70.60 
48,Cake Decorating,$68.93 
48,Seasonal Merchandise and Misc GM,$65.36 
48,Corn,$63.41 
48,Newspapers Calendars Maps,$61.50 
48,Misc Meat,$59.33 
48,Shelf Stable Milk and Milk Like Bev,$58.79 
48,Salad or Side Toppings,$57.65 
48,Fresh Lamb,$55.92 
48,Electronics,$51.96 
48,Foot Care,$49.33 
48,Stuffing Products,$48.66 
48,Potatoes Packaged,$47.90 
48,Dry Packaged Dinners and Kits,$42.27 
48,Melons,$39.92 
48,Nail Care,$38.95 
48,Misc HBC,$38.90 
48,Gifts,$30.94 
48,Shelf Stable Entrees,$28.16 
48,Misc Produce,$27.77 
48,Lawn And Garden Accessories,$26.99 
48,Toys,$21.73 
48,Misc Dairy,$21.52 
48,Insect and Rodent,$20.65 
48,Audio Video,$19.96 
48,Hair Accessories,$19.12 
48,Hair Color,$17.78 
48,Hosiery,$15.18 
48,Auto,$13.17 
48,Kosher,$13.16 
48,Bulk Candy,$9.47 
48,Frozen Juice,$8.73 
48,Clothing Care,$3.59 
48,Bulk Beans and Grains,$2.99 
48,Gift Cards,"($101,885.00)"
49,Wine,"$62,135.55 "
49,Beer,"$35,877.00 "
49,Fresh Beef,"$35,406.30 "
49,Self Service Deli Cold,"$35,063.84 "
49,Carbonated Beverages,"$29,171.35 "
49,Salty Snacks,"$27,517.36 "
49,Service Deli,"$25,932.82 "
49,Cheese,"$23,964.44 "
49,In Store Bakery,"$22,710.67 "
49,Fresh Chicken,"$21,527.19 "
49,Coffee,"$21,341.92 "
49,Self Service Deli Food Bar,"$20,806.66 "
49,Cereal,"$20,703.13 "
49,Commercial Bread,"$17,511.70 "
49,Other Vegetables,"$14,596.98 "
49,Paper,"$14,355.30 "
49,Fresh Cut,"$13,443.24 "
49,Ice Cream,"$12,395.64 "
49,Bottled Water,"$12,110.10 "
49,Soup,"$11,711.73 "
49,Candy,"$11,565.88 "
49,Crackers,"$11,514.51 "
49,Yogurt,"$11,293.39 "
49,Bacon,"$10,986.50 "
49,Fluid Milk,"$10,857.47 "
49,Frozen Poultry and Meat,"$10,246.12 "
49,Packaged Salad,"$10,032.65 "
49,major misc,"$9,914.86 "
49,Functional Beverages,"$9,882.06 "
49,Frozen Pizza,"$9,684.08 "
49,Cream or Creamer,"$9,551.37 "
49,Fresh Shellfish,"$8,939.50 "
49,Apples,"$8,649.10 "
49,Baking Ingredients,"$8,634.39 "
49,Dog Food,"$8,566.31 "
49,Refrigerated Beverages,"$8,418.73 "
49,Single Serve Meals,"$8,371.04 "
49,Cookies,"$8,006.26 "
49,Snack Nuts and Dried Fruit,"$7,606.12 "
49,Eggs,"$7,584.70 "
49,Fresh Pork,"$7,472.16 "
49,Laundry,"$7,265.82 "
49,Frozen Vegetables,"$6,594.99 "
49,Spices,"$6,510.68 "
49,Adult Nutrition,"$6,346.83 "
49,Juice,"$6,240.06 "
49,Margarine or Butter,"$6,049.65 "
49,Grapes,"$6,006.40 "
49,Lunchmeat,"$5,984.72 "
49,Frozen Breakfast,"$5,582.85 "
49,Alternative Beverages,"$5,453.58 "
49,Berries,"$5,292.76 "
49,Bakery Bread,"$5,155.52 "
49,Bouquets and Cut Flowers,"$5,108.40 "
49,Plastic,"$5,064.84 "
49,Multi Serve Meals,"$4,913.15 "
49,Tomatoes,"$4,903.34 "
49,Frozen Snack,"$4,805.00 "
49,Cough and Cold,"$4,594.66 "
49,Other Prepared and Ready To Heat,"$4,541.11 "
49,Pasta Sauce,"$4,360.95 "
49,Citrus,"$4,332.34 "
49,Fresh Fish,"$4,325.46 "
49,Fresh Prepared Meat,"$4,206.89 "
49,Breakfast Sausage,"$4,189.11 "
49,Cat Food,"$4,039.54 "
49,Refrigerated Baking,"$4,007.76 "
49,Sweet Goods,"$3,973.73 "
49,Potatoes,"$3,943.01 "
49,Tobacco,"$3,893.62 "
49,Flavored Milk,"$3,791.82 "
49,Oil,"$3,690.62 "
49,Canned Vegetables,"$3,646.49 "
49,Table Top,"$3,534.07 "
49,Canned Fruit,"$3,464.70 "
49,Fresh Sausage,"$3,440.04 "
49,Frozen Bake,"$3,432.72 "
49,Pasta,"$3,418.72 "
49,Frozen Desserts or Fruit and Toppings,"$3,412.29 "
49,Sugar and Sweeteners,"$3,337.40 "
49,Salad Dressing,"$3,287.12 "
49,Oral Hygiene,"$3,247.61 "
49,Dairy Alternative Milk,"$3,214.67 "
49,Lunch Combos,"$3,104.14 "
49,Peppers,"$3,075.81 "
49,Cleaners,"$3,074.46 "
49,Onions,"$3,057.88 "
49,Bananas,"$3,010.24 "
49,Fresh Turkey,"$3,009.13 "
49,Broccoli and Cauliflower,"$2,959.20 "
49,Peanut Butter,"$2,917.52 "
49,Hot Dogs,"$2,911.41 "
49,Baby Food,"$2,910.46 "
49,Rice,"$2,865.41 "
49,Dinner Sausage,"$2,821.07 "
49,Dishwash,"$2,779.99 "
49,Frozen Seafood,"$2,736.45 "
49,Jelly,"$2,724.51 "
49,Canned Tomatoes,"$2,703.46 "
49,Produce Juice,"$2,631.14 "
49,Ham,"$2,623.40 "
49,Cultured,"$2,620.96 "
49,Pet Supplies,"$2,517.73 "
49,Carrots,"$2,509.01 "
49,Mushrooms,"$2,502.14 "
49,Tortilla,"$2,479.15 "
49,Hair Care,"$2,477.85 "
49,Lettuce,"$2,470.18 "
49,Canned Beans,"$2,457.57 "
49,Bulk Nuts,"$2,413.93 "
49,Baking Mixes,"$2,393.13 "
49,Shelf Stable Seafood,"$2,300.43 "
49,Skin Care,"$2,293.57 "
49,Analgesics,"$2,212.90 "
49,Dry Dinners Pasta,"$2,163.68 "
49,Vitamins and Supplements,"$2,148.71 "
49,Pickles and Olives,"$2,126.71 "
49,Tea,"$2,117.11 "
49,Frozen Potatoes or Onions,"$2,114.53 "
49,Batteries,"$2,094.96 "
49,Salad Dressings and Dips,"$2,064.51 "
49,Other Seafood,"$2,049.51 "
49,Kitchen Accessories,"$1,914.05 "
49,Flour and Breading,"$1,864.33 "
49,Herbs,"$1,862.09 "
49,Hispanic,"$1,838.20 "
49,Specialty Milk,"$1,830.80 "
49,Liquor,"$1,791.57 "
49,Asian,"$1,735.11 "
49,Grill Accessories,"$1,534.45 "
49,Antacids and Laxatives,"$1,532.42 "
49,Mayonnaise,"$1,504.21 "
49,Magazines,"$1,493.06 "
49,Plants,"$1,477.71 "
49,Cookware and Bakeware,"$1,443.06 "
49,Housewares,"$1,419.29 "
49,Condiments and Sauces,"$1,418.39 "
49,Dips and Salsas,"$1,387.67 "
49,Refrigerated Pasta and Sauce,"$1,358.43 "
49,Barbecue Sauces,"$1,347.25 "
49,Gum,"$1,335.68 "
49,Milk or Water Modifiers,"$1,327.58 "
49,Greeting Cards Gift Wrap and Party,"$1,248.48 "
49,Dry Mix,"$1,241.57 "
49,Bath,"$1,232.72 "
49,Feminine Hygiene,"$1,210.01 "
49,Air Fresheners,"$1,188.79 "
49,Soap,"$1,187.39 "
49,Seasonal Merchandise and Misc GM,"$1,153.29 "
49,First Aid,"$1,151.85 "
49,Canned Meat Hashes and Stews,"$1,140.54 "
49,Deodorant,"$1,129.84 "
49,Diapers and Training Pants,"$1,086.49 "
49,Meat or Cheese Alternative,"$1,048.51 "
49,Meat Snack,"$1,009.58 "
49,Face Care,$994.49 
49,Dessert,$988.21 
49,Specialty Fruits,$963.72 
49,Syrup,$959.30 
49,Ethnic Specialty,$892.90 
49,Frozen Fish,$887.98 
49,Tonic and Mixers,$886.04 
49,Drink Mix,$879.32 
49,Salad Toppings,$866.15 
49,Incontinence,$864.70 
49,Catsup or Ketchup,$838.80 
49,Tree Fruit,$824.27 
49,Cleaner Accessories,$823.72 
49,Cake Decorating,$812.47 
49,Chili or Hot Sauce,$802.44 
49,Pancake and Waffle Mixes,$784.27 
49,Baby HBC,$759.75 
49,Gifts,$733.60 
49,Bulk Dried Fruit,$717.46 
49,Fruit Snacks,$691.70 
49,Eye and Ear Care,$676.86 
49,Vinegar,$644.63 
49,Refrigerated Desserts,$617.71 
49,Cosmetic,$589.11 
49,Personal Goods,$570.04 
49,Pickles,$527.97 
49,School and Office Supplies,$512.99 
49,Mustard,$498.02 
49,Canned Pasta,$496.23 
49,Hardware,$488.90 
49,Dry Bean and Veg,$479.44 
49,Ice,$465.63 
49,Potatoes Packaged,$429.11 
49,Fresh Lamb,$370.41 
49,Frozen Shellfish,$328.73 
49,Books,$308.58 
49,Corn,$296.58 
49,Frozen Juice,$290.18 
49,Nail Care,$269.92 
49,Shelf Stable Milk and Milk Like Bev,$259.08 
49,Electronics,$254.80 
49,Salad or Side Toppings,$253.45 
49,Misc Produce,$250.24 
49,Melons,$244.01 
49,Family Planning,$243.28 
49,Misc HBC,$233.91 
49,Stuffing Products,$230.19 
49,Dry Packaged Dinners and Kits,$230.15 
49,Misc Meat,$228.26 
49,Toys,$215.23 
49,Shelf Stable Entrees,$207.36 
49,Chili,$199.46 
49,Hair Color,$192.97 
49,Hair Accessories,$178.61 
49,Foot Care,$149.96 
49,Lawn And Garden Accessories,$148.93 
49,Auto,$143.27 
49,Kosher,$130.32 
49,Frozen Pet,$116.00 
49,Newspapers Calendars Maps,$78.75 
49,Insect and Rodent,$72.93 
49,Audio Video,$69.86 
49,Hosiery,$66.90 
49,Clothing Care,$56.91 
49,Fresh Veal,$55.92 
49,Misc Dairy,$46.65 
49,Sporting Goods,$28.62 
49,Salt,$23.97 
49,Bulk Candy,$21.70 
49,Bulk Beans and Grains,$20.16 
49,Diabetic,$10.99 
49,Bathroom Accessories,$8.98 
49,Gift Cards,"($13,849.97)"
50,Wine,"$70,662.57 "
50,Beer,"$39,664.70 "
50,Self Service Deli Cold,"$37,478.36 "
50,Fresh Beef,"$36,293.78 "
50,Carbonated Beverages,"$34,083.94 "
50,Salty Snacks,"$28,946.06 "
50,In Store Bakery,"$28,109.17 "
50,Service Deli,"$27,788.97 "
50,Cheese,"$26,933.32 "
50,Fresh Chicken,"$22,862.05 "
50,Coffee,"$21,687.29 "
50,Self Service Deli Food Bar,"$20,546.47 "
50,Cereal,"$19,940.29 "
50,Commercial Bread,"$16,485.48 "
50,Fresh Cut,"$15,658.97 "
50,Ice Cream,"$14,188.15 "
50,Paper,"$13,783.34 "
50,Other Vegetables,"$13,702.20 "
50,Baking Ingredients,"$13,475.04 "
50,Candy,"$13,429.12 "
50,major misc,"$12,979.75 "
50,Crackers,"$12,943.54 "
50,Bottled Water,"$12,371.91 "
50,Soup,"$11,948.16 "
50,Yogurt,"$11,624.34 "
50,Fluid Milk,"$11,557.87 "
50,Bacon,"$11,185.00 "
50,Frozen Poultry and Meat,"$10,305.22 "
50,Fresh Shellfish,"$9,956.24 "
50,Cream or Creamer,"$9,936.59 "
50,Packaged Salad,"$9,667.63 "
50,Functional Beverages,"$9,498.36 "
50,Frozen Pizza,"$9,011.64 "
50,Snack Nuts and Dried Fruit,"$8,686.76 "
50,Single Serve Meals,"$8,642.48 "
50,Dog Food,"$8,621.37 "
50,Refrigerated Beverages,"$8,593.13 "
50,Cookies,"$8,528.94 "
50,Eggs,"$8,449.46 "
50,Fresh Pork,"$8,058.66 "
50,Apples,"$7,865.53 "
50,Margarine or Butter,"$7,676.23 "
50,Juice,"$7,445.40 "
50,Laundry,"$7,436.14 "
50,Spices,"$7,325.90 "
50,Berries,"$7,306.70 "
50,Frozen Vegetables,"$7,137.45 "
50,Bouquets and Cut Flowers,"$6,888.29 "
50,Lunchmeat,"$6,131.89 "
50,Adult Nutrition,"$5,541.79 "
50,Bakery Bread,"$5,496.90 "
50,Grapes,"$5,356.49 "
50,Frozen Breakfast,"$5,333.13 "
50,Refrigerated Baking,"$5,228.86 "
50,Plastic,"$5,142.39 "
50,Citrus,"$5,136.31 "
50,Tomatoes,"$5,026.01 "
50,Other Prepared and Ready To Heat,"$5,012.57 "
50,Sweet Goods,"$5,005.85 "
50,Breakfast Sausage,"$4,845.29 "
50,Multi Serve Meals,"$4,559.81 "
50,Sugar and Sweeteners,"$4,541.30 "
50,Alternative Beverages,"$4,417.97 "
50,Frozen Snack,"$4,395.08 "
50,Pasta Sauce,"$4,378.57 "
50,Fresh Fish,"$4,360.69 "
50,Potatoes,"$4,315.29 "
50,Oil,"$4,128.13 "
50,Fresh Prepared Meat,"$4,040.00 "
50,Frozen Bake,"$3,966.16 "
50,Frozen Desserts or Fruit and Toppings,"$3,852.38 "
50,Table Top,"$3,850.15 "
50,Flavored Milk,"$3,776.28 "
50,Cat Food,"$3,738.88 "
50,Canned Fruit,"$3,719.41 "
50,Cough and Cold,"$3,576.43 "
50,Fresh Sausage,"$3,567.86 "
50,Canned Vegetables,"$3,513.52 "
50,Ham,"$3,497.42 "
50,Pasta,"$3,491.68 "
50,Tobacco,"$3,400.67 "
50,Peanut Butter,"$3,347.44 "
50,Salad Dressing,"$3,342.43 "
50,Hot Dogs,"$3,316.63 "
50,Oral Hygiene,"$3,315.99 "
50,Dairy Alternative Milk,"$3,187.59 "
50,Bananas,"$3,169.20 "
50,Rice,"$3,117.81 "
50,Cleaners,"$3,110.52 "
50,Baking Mixes,"$3,081.54 "
50,Dinner Sausage,"$3,060.96 "
50,Baby Food,"$3,051.21 "
50,Bulk Nuts,"$3,044.90 "
50,Peppers,"$3,028.61 "
50,Onions,"$2,991.71 "
50,Fresh Turkey,"$2,974.53 "
50,Jelly,"$2,918.39 "
50,Broccoli and Cauliflower,"$2,918.00 "
50,Produce Juice,"$2,869.91 "
50,Canned Tomatoes,"$2,811.63 "
50,Frozen Seafood,"$2,763.80 "
50,Canned Beans,"$2,679.32 "
50,Lunch Combos,"$2,666.87 "
50,Hair Care,"$2,654.59 "
50,Cultured,"$2,565.71 "
50,Pickles and Olives,"$2,541.41 "
50,Kitchen Accessories,"$2,394.85 "
50,Tea,"$2,392.73 "
50,Mushrooms,"$2,391.94 "
50,Dishwash,"$2,348.65 "
50,Flour and Breading,"$2,330.31 "
50,Dry Dinners Pasta,"$2,306.43 "
50,Lettuce,"$2,294.58 "
50,Pet Supplies,"$2,270.75 "
50,Liquor,"$2,227.01 "
50,Carrots,"$2,226.53 "
50,Tortilla,"$2,211.09 "
50,Salad Dressings and Dips,"$2,184.66 "
50,Frozen Potatoes or Onions,"$2,177.31 "
50,Batteries,"$2,162.91 "
50,Cookware and Bakeware,"$2,151.09 "
50,Analgesics,"$2,131.16 "
50,Asian,"$1,997.15 "
50,Herbs,"$1,963.53 "
50,Shelf Stable Seafood,"$1,929.33 "
50,Specialty Milk,"$1,884.95 "
50,Skin Care,"$1,821.23 "
50,Hispanic,"$1,791.33 "
50,Vitamins and Supplements,"$1,774.06 "
50,Other Seafood,"$1,695.48 "
50,Plants,"$1,675.16 "
50,Housewares,"$1,665.10 "
50,Dips and Salsas,"$1,616.04 "
50,Condiments and Sauces,"$1,556.35 "
50,Barbecue Sauces,"$1,534.97 "
50,Seasonal Merchandise and Misc GM,"$1,531.44 "
50,Diapers and Training Pants,"$1,531.18 "
50,Gum,"$1,518.01 "
50,Grill Accessories,"$1,516.40 "
50,Mayonnaise,"$1,503.42 "
50,Feminine Hygiene,"$1,494.40 "
50,Greeting Cards Gift Wrap and Party,"$1,426.48 "
50,Milk or Water Modifiers,"$1,399.21 "
50,Antacids and Laxatives,"$1,396.82 "
50,Deodorant,"$1,317.30 "
50,Soap,"$1,292.49 "
50,Cake Decorating,"$1,269.71 "
50,Dry Mix,"$1,245.80 "
50,Canned Meat Hashes and Stews,"$1,198.71 "
50,Refrigerated Pasta and Sauce,"$1,192.31 "
50,Drink Mix,"$1,187.27 "
50,Air Fresheners,"$1,178.90 "
50,Dessert,"$1,153.65 "
50,Magazines,"$1,133.23 "
50,Bath,"$1,120.25 "
50,Ethnic Specialty,"$1,106.09 "
50,Tonic and Mixers,"$1,082.45 "
50,Face Care,"$1,079.71 "
50,Salad Toppings,"$1,049.00 "
50,Syrup,"$1,024.88 "
50,Specialty Fruits,"$1,007.35 "
50,First Aid,"$1,000.44 "
50,Meat Snack,$993.24 
50,Catsup or Ketchup,$987.36 
50,Meat or Cheese Alternative,$979.29 
50,Melons,$920.73 
50,Frozen Fish,$916.66 
50,Chili or Hot Sauce,$892.62 
50,Eye and Ear Care,$823.22 
50,Cleaner Accessories,$781.76 
50,Fruit Snacks,$723.93 
50,Incontinence,$688.33 
50,Pancake and Waffle Mixes,$666.45 
50,Hardware,$651.55 
50,Pickles,$645.74 
50,Baby HBC,$644.84 
50,Tree Fruit,$640.70 
50,Gifts,$625.02 
50,Vinegar,$596.53 
50,Mustard,$592.61 
50,Canned Pasta,$583.95 
50,Ice,$572.70 
50,Frozen Shellfish,$550.03 
50,Potatoes Packaged,$544.40 
50,Refrigerated Desserts,$526.46 
50,Bulk Dried Fruit,$513.08 
50,School and Office Supplies,$472.26 
50,Dry Bean and Veg,$465.91 
50,Fresh Lamb,$428.97 
50,Personal Goods,$393.98 
50,Cosmetic,$369.29 
50,Books,$347.99 
50,Electronics,$328.75 
50,Frozen Juice,$298.83 
50,Stuffing Products,$289.49 
50,Dry Packaged Dinners and Kits,$286.15 
50,Misc Produce,$281.53 
50,Shelf Stable Milk and Milk Like Bev,$274.93 
50,Hair Color,$261.43 
50,Salad or Side Toppings,$260.78 
50,Family Planning,$260.14 
50,Corn,$253.83 
50,Toys,$236.91 
50,Shelf Stable Entrees,$234.30 
50,Chili,$221.41 
50,Misc HBC,$190.83 
50,Misc Meat,$187.81 
50,Hair Accessories,$161.37 
50,Foot Care,$149.99 
50,Nail Care,$137.05 
50,Auto,$131.37 
50,Audio Video,$104.79 
50,Lawn And Garden Accessories,$100.91 
50,Newspapers Calendars Maps,$89.49 
50,Kosher,$84.63 
50,Misc Dairy,$80.74 
50,Hosiery,$79.92 
50,Fresh Veal,$68.15 
50,Insect and Rodent,$50.25 
50,Sporting Goods,$44.10 
50,Frozen Pet,$38.60 
50,Diabetic,$32.97 
50,Clothing Care,$29.50 
50,Bulk Candy,$21.79 
50,Bulk Beans and Grains,$17.03 
50,Salt,$14.98 
50,Sun Care,$9.99 
50,Gift Cards,"($33,159.97)"
51,Wine,"$94,235.51 "
51,Fresh Beef,"$53,904.50 "
51,Beer,"$49,602.68 "
51,Self Service Deli Cold,"$45,856.94 "
51,Carbonated Beverages,"$36,939.48 "
51,Cheese,"$35,907.56 "
51,In Store Bakery,"$31,715.21 "
51,Salty Snacks,"$29,502.87 "
51,Service Deli,"$26,209.42 "
51,major misc,"$23,631.64 "
51,Coffee,"$22,358.69 "
51,Self Service Deli Food Bar,"$21,763.87 "
51,Fresh Chicken,"$19,531.68 "
51,Baking Ingredients,"$18,517.75 "
51,Cereal,"$17,878.57 "
51,Commercial Bread,"$17,183.18 "
51,Other Vegetables,"$17,131.93 "
51,Crackers,"$16,136.55 "
51,Fresh Cut,"$16,090.93 "
51,Candy,"$16,000.21 "
51,Paper,"$15,084.95 "
51,Ice Cream,"$14,795.05 "
51,Fresh Shellfish,"$14,031.21 "
51,Bottled Water,"$12,701.05 "
51,Bacon,"$12,503.02 "
51,Margarine or Butter,"$12,148.69 "
51,Soup,"$11,946.45 "
51,Cream or Creamer,"$11,446.10 "
51,Fluid Milk,"$11,262.87 "
51,Frozen Poultry and Meat,"$10,750.42 "
51,Spices,"$10,137.30 "
51,Refrigerated Beverages,"$9,806.71 "
51,Eggs,"$9,798.98 "
51,Snack Nuts and Dried Fruit,"$9,615.28 "
51,Yogurt,"$9,157.48 "
51,Dog Food,"$8,824.43 "
51,Packaged Salad,"$8,820.32 "
51,Fresh Pork,"$8,812.43 "
51,Cookies,"$8,798.50 "
51,Functional Beverages,"$8,541.25 "
51,Frozen Vegetables,"$8,369.93 "
51,Breakfast Sausage,"$8,272.66 "
51,Juice,"$8,148.89 "
51,Citrus,"$7,729.69 "
51,Bouquets and Cut Flowers,"$7,609.00 "
51,Refrigerated Baking,"$7,572.95 "
51,Apples,"$7,538.86 "
51,Frozen Pizza,"$7,318.55 "
51,Laundry,"$7,273.30 "
51,Ham,"$6,865.92 "
51,Frozen Bake,"$6,654.25 "
51,Single Serve Meals,"$6,536.17 "
51,Berries,"$6,476.31 "
51,Fresh Turkey,"$6,390.98 "
51,Bakery Bread,"$6,376.04 "
51,Fresh Prepared Meat,"$6,325.37 "
51,Other Prepared and Ready To Heat,"$6,228.26 "
51,Potatoes,"$6,204.15 "
51,Plastic,"$6,051.79 "
51,Sugar and Sweeteners,"$5,828.41 "
51,Grapes,"$5,231.58 "
51,Lunchmeat,"$5,194.65 "
51,Frozen Desserts or Fruit and Toppings,"$5,139.24 "
51,Canned Vegetables,"$5,095.45 "
51,Tomatoes,"$5,027.70 "
51,Adult Nutrition,"$5,010.99 "
51,Table Top,"$5,009.99 "
51,Frozen Breakfast,"$4,916.69 "
51,Cough and Cold,"$4,756.63 "
51,Sweet Goods,"$4,726.35 "
51,Flavored Milk,"$4,670.61 "
51,Alternative Beverages,"$4,648.74 "
51,Oil,"$4,625.26 "
51,Multi Serve Meals,"$4,490.75 "
51,Baking Mixes,"$4,407.28 "
51,Frozen Snack,"$4,356.07 "
51,Pasta Sauce,"$4,269.87 "
51,Cultured,"$4,229.97 "
51,Canned Fruit,"$4,227.18 "
51,Cat Food,"$4,210.16 "
51,Hot Dogs,"$4,198.96 "
51,Fresh Sausage,"$4,155.76 "
51,Fresh Fish,"$4,066.11 "
51,Pasta,"$3,855.15 "
51,Salad Dressing,"$3,741.65 "
51,Bulk Nuts,"$3,599.08 "
51,Tobacco,"$3,549.02 "
51,Onions,"$3,518.60 "
51,Peanut Butter,"$3,423.83 "
51,Baby Food,"$3,407.69 "
51,Flour and Breading,"$3,364.43 "
51,Rice,"$3,219.92 "
51,Produce Juice,"$3,188.48 "
51,Pickles and Olives,"$3,169.86 "
51,Oral Hygiene,"$3,089.31 "
51,Cookware and Bakeware,"$3,063.88 "
51,Dairy Alternative Milk,"$3,053.08 "
51,Pet Supplies,"$3,037.51 "
51,Peppers,"$2,973.84 "
51,Dinner Sausage,"$2,948.48 "
51,Jelly,"$2,886.73 "
51,Canned Tomatoes,"$2,875.38 "
51,Bananas,"$2,827.08 "
51,Kitchen Accessories,"$2,819.41 "
51,Broccoli and Cauliflower,"$2,817.45 "
51,Frozen Seafood,"$2,811.81 "
51,Liquor,"$2,793.33 "
51,Cleaners,"$2,736.65 "
51,Frozen Potatoes or Onions,"$2,699.64 "
51,Herbs,"$2,655.10 "
51,Hair Care,"$2,634.92 "
51,Tea,"$2,528.66 "
51,Canned Beans,"$2,464.27 "
51,Salad Dressings and Dips,"$2,461.49 "
51,Dishwash,"$2,404.86 "
51,Condiments and Sauces,"$2,387.14 "
51,Batteries,"$2,349.18 "
51,Greeting Cards Gift Wrap and Party,"$2,332.74 "
51,Mushrooms,"$2,296.35 "
51,Mayonnaise,"$2,290.22 "
51,Plants,"$2,268.92 "
51,Other Seafood,"$2,253.82 "
51,Lettuce,"$2,244.66 "
51,Carrots,"$2,230.77 "
51,Shelf Stable Seafood,"$2,222.88 "
51,Grill Accessories,"$2,216.32 "
51,Dry Dinners Pasta,"$2,175.82 "
51,Tortilla,"$2,097.66 "
51,Asian,"$2,040.47 "
51,Specialty Milk,"$2,037.58 "
51,Analgesics,"$2,031.84 "
51,Hispanic,"$2,012.34 "
51,Seasonal Merchandise and Misc GM,"$2,004.13 "
51,Cake Decorating,"$1,978.92 "
51,Antacids and Laxatives,"$1,908.08 "
51,Vitamins and Supplements,"$1,835.47 "
51,Barbecue Sauces,"$1,810.07 "
51,Dips and Salsas,"$1,793.14 "
51,Lunch Combos,"$1,733.29 "
51,Skin Care,"$1,717.20 "
51,Magazines,"$1,717.14 "
51,Dry Mix,"$1,605.10 "
51,Milk or Water Modifiers,"$1,595.03 "
51,Gum,"$1,594.60 "
51,Dessert,"$1,537.19 "
51,Diapers and Training Pants,"$1,530.21 "
51,Syrup,"$1,526.60 "
51,Feminine Hygiene,"$1,311.95 "
51,Salad Toppings,"$1,279.67 "
51,Ethnic Specialty,"$1,269.30 "
51,Housewares,"$1,262.33 "
51,Deodorant,"$1,239.95 "
51,Air Fresheners,"$1,219.69 "
51,Canned Meat Hashes and Stews,"$1,203.87 "
51,First Aid,"$1,196.80 "
51,Tonic and Mixers,"$1,149.45 "
51,Refrigerated Pasta and Sauce,"$1,145.86 "
51,Tree Fruit,"$1,118.89 "
51,Soap,"$1,103.19 "
51,Drink Mix,"$1,090.57 "
51,Bath,"$1,069.64 "
51,Frozen Fish,"$1,067.25 "
51,Chili or Hot Sauce,$992.82 
51,Face Care,$972.59 
51,Meat or Cheese Alternative,$972.52 
51,Specialty Fruits,$954.41 
51,Meat Snack,$936.99 
51,Catsup or Ketchup,$935.36 
51,Mustard,$896.27 
51,Cleaner Accessories,$817.60 
51,Potatoes Packaged,$757.13 
51,School and Office Supplies,$741.37 
51,Misc Produce,$740.56 
51,Pancake and Waffle Mixes,$737.39 
51,Fresh Lamb,$732.74 
51,Stuffing Products,$709.53 
51,Gifts,$671.57 
51,Hardware,$654.27 
51,Cosmetic,$649.04 
51,Ice,$639.93 
51,Eye and Ear Care,$624.59 
51,Vinegar,$614.94 
51,Pickles,$573.91 
51,Fruit Snacks,$569.30 
51,Canned Pasta,$568.34 
51,Melons,$558.66 
51,Frozen Shellfish,$553.87 
51,Baby HBC,$544.05 
51,Books,$514.95 
51,Bulk Dried Fruit,$506.99 
51,Incontinence,$497.68 
51,Personal Goods,$442.99 
51,Refrigerated Desserts,$420.93 
51,Frozen Juice,$406.91 
51,Corn,$387.29 
51,Misc HBC,$373.19 
51,Dry Bean and Veg,$369.19 
51,Toys,$354.19 
51,Electronics,$350.68 
51,Salad or Side Toppings,$293.92 
51,Chili,$286.47 
51,Family Planning,$239.19 
51,Dry Packaged Dinners and Kits,$236.47 
51,Shelf Stable Milk and Milk Like Bev,$224.52 
51,Shelf Stable Entrees,$220.06 
51,Misc Meat,$215.60 
51,Nail Care,$212.35 
51,Hair Accessories,$212.30 
51,Kosher,$177.78 
51,Misc Dairy,$157.03 
51,Auto,$150.24 
51,Hair Color,$148.19 
51,Audio Video,$139.72 
51,Hosiery,$130.08 
51,Fresh Veal,$118.11 
51,Foot Care,$114.37 
51,Lawn And Garden Accessories,$96.44 
51,Newspapers Calendars Maps,$78.95 
51,Insect and Rodent,$66.25 
51,Frozen Pet,$57.60 
51,Clothing Care,$45.49 
51,Bulk Beans and Grains,$24.66 
51,Salt,$23.96 
51,Bulk Candy,$22.29 
51,Bathroom Accessories,$20.47 
51,Sporting Goods,$16.98 
51,Gift Cards,"($48,146.06)"
52,Wine,"$90,741.26 "
52,Fresh Beef,"$58,254.56 "
52,Beer,"$51,907.65 "
52,Self Service Deli Cold,"$46,454.30 "
52,Carbonated Beverages,"$40,841.14 "
52,Cheese,"$35,638.32 "
52,Salty Snacks,"$27,866.88 "
52,Service Deli,"$25,945.32 "
52,In Store Bakery,"$25,469.59 "
52,Other Vegetables,"$21,168.11 "
52,Coffee,"$20,525.73 "
52,Fresh Chicken,"$20,410.14 "
52,major misc,"$19,416.92 "
52,Fresh Shellfish,"$19,349.84 "
52,Fresh Cut,"$17,975.36 "
52,Commercial Bread,"$17,189.96 "
52,Self Service Deli Food Bar,"$16,252.91 "
52,Bacon,"$15,476.95 "
52,Cereal,"$15,012.55 "
52,Fresh Pork,"$14,392.35 "
52,Crackers,"$14,033.16 "
52,Paper,"$13,246.57 "
52,Bottled Water,"$12,884.08 "
52,Ice Cream,"$12,880.96 "
52,Candy,"$12,759.11 "
52,Fluid Milk,"$11,893.90 "
52,Cream or Creamer,"$11,608.20 "
52,Refrigerated Beverages,"$11,115.83 "
52,Baking Ingredients,"$10,749.25 "
52,Packaged Salad,"$10,568.91 "
52,Eggs,"$10,361.31 "
52,Frozen Poultry and Meat,"$9,938.88 "
52,Margarine or Butter,"$9,798.35 "
52,Soup,"$9,595.57 "
52,Spices,"$9,200.06 "
52,Functional Beverages,"$9,069.00 "
52,Breakfast Sausage,"$8,871.29 "
52,Yogurt,"$8,683.54 "
52,Juice,"$7,647.02 "
52,Citrus,"$7,581.64 "
52,Frozen Pizza,"$7,545.16 "
52,Frozen Vegetables,"$7,402.38 "
52,Bakery Bread,"$7,337.31 "
52,Apples,"$7,326.09 "
52,Refrigerated Baking,"$7,322.80 "
52,Potatoes,"$7,311.59 "
52,Dog Food,"$7,190.30 "
52,Snack Nuts and Dried Fruit,"$6,962.60 "
52,Bouquets and Cut Flowers,"$6,951.38 "
52,Ham,"$6,758.70 "
52,Frozen Bake,"$6,678.46 "
52,Plastic,"$6,488.74 "
52,Berries,"$6,381.24 "
52,Laundry,"$6,256.21 "
52,Frozen Desserts or Fruit and Toppings,"$6,087.40 "
52,Cookies,"$6,060.81 "
52,Tomatoes,"$5,717.13 "
52,Single Serve Meals,"$5,662.98 "
52,Fresh Prepared Meat,"$5,516.59 "
52,Fresh Fish,"$5,484.95 "
52,Fresh Turkey,"$5,454.38 "
52,Lunchmeat,"$5,092.91 "
52,Table Top,"$5,066.70 "
52,Cough and Cold,"$5,063.65 "
52,Flavored Milk,"$4,993.85 "
52,Canned Vegetables,"$4,924.87 "
52,Grapes,"$4,878.83 "
52,Other Prepared and Ready To Heat,"$4,867.26 "
52,Frozen Snack,"$4,692.36 "
52,Sugar and Sweeteners,"$4,491.81 "
52,Oil,"$4,416.93 "
52,Alternative Beverages,"$4,296.99 "
52,Multi Serve Meals,"$4,198.61 "
52,Frozen Breakfast,"$4,159.74 "
52,Adult Nutrition,"$4,146.88 "
52,Pasta Sauce,"$4,118.88 "
52,Onions,"$4,100.55 "
52,Hot Dogs,"$4,098.72 "
52,Fresh Sausage,"$4,078.79 "
52,Cultured,"$4,067.81 "
52,Canned Fruit,"$3,905.30 "
52,Pasta,"$3,869.46 "
52,Salad Dressing,"$3,797.13 "
52,Oral Hygiene,"$3,474.79 "
52,Peppers,"$3,438.11 "
52,Herbs,"$3,410.10 "
52,Kitchen Accessories,"$3,402.30 "
52,Cat Food,"$3,367.20 "
52,Baking Mixes,"$3,203.62 "
52,Cookware and Bakeware,"$3,178.98 "
52,Dinner Sausage,"$3,148.15 "
52,Liquor,"$3,142.89 "
52,Tobacco,"$3,115.94 "
52,Pickles and Olives,"$3,109.71 "
52,Frozen Potatoes or Onions,"$3,077.34 "
52,Pet Supplies,"$3,058.02 "
52,Cleaners,"$3,023.41 "
52,Dairy Alternative Milk,"$3,019.85 "
52,Produce Juice,"$2,998.96 "
52,Broccoli and Cauliflower,"$2,938.84 "
52,Sweet Goods,"$2,927.84 "
52,Salad Dressings and Dips,"$2,880.71 "
52,Grill Accessories,"$2,858.76 "
52,Lettuce,"$2,767.90 "
52,Frozen Seafood,"$2,760.02 "
52,Other Seafood,"$2,753.34 "
52,Dishwash,"$2,733.41 "
52,Mushrooms,"$2,730.03 "
52,Bulk Nuts,"$2,714.72 "
52,Batteries,"$2,707.24 "
52,Hair Care,"$2,706.57 "
52,Carrots,"$2,694.00 "
52,Bananas,"$2,673.73 "
52,Condiments and Sauces,"$2,668.06 "
52,Canned Tomatoes,"$2,665.91 "
52,Jelly,"$2,665.17 "
52,Rice,"$2,567.36 "
52,Flour and Breading,"$2,542.06 "
52,Peanut Butter,"$2,450.92 "
52,Canned Beans,"$2,429.99 "
52,Analgesics,"$2,327.01 "
52,Baby Food,"$2,267.29 "
52,Tortilla,"$2,223.25 "
52,Mayonnaise,"$2,152.35 "
52,Skin Care,"$2,138.14 "
52,Dry Dinners Pasta,"$2,078.94 "
52,Asian,"$2,075.62 "
52,Hispanic,"$2,036.09 "
52,Shelf Stable Seafood,"$2,034.07 "
52,Dips and Salsas,"$1,999.53 "
52,Tea,"$1,930.74 "
52,Magazines,"$1,918.50 "
52,Greeting Cards Gift Wrap and Party,"$1,897.68 "
52,Specialty Milk,"$1,862.63 "
52,Housewares,"$1,734.43 "
52,Barbecue Sauces,"$1,707.99 "
52,Dry Mix,"$1,686.30 "
52,Syrup,"$1,653.26 "
52,Plants,"$1,560.83 "
52,Deodorant,"$1,542.07 "
52,Antacids and Laxatives,"$1,471.33 "
52,Bath,"$1,361.65 "
52,Soap,"$1,349.66 "
52,Salad Toppings,"$1,346.33 "
52,Feminine Hygiene,"$1,319.43 "
52,First Aid,"$1,273.05 "
52,Gum,"$1,264.15 "
52,Dessert,"$1,227.73 "
52,Vitamins and Supplements,"$1,193.59 "
52,Lunch Combos,"$1,151.58 "
52,Catsup or Ketchup,"$1,148.25 "
52,Diapers and Training Pants,"$1,131.16 "
52,Tree Fruit,"$1,122.67 "
52,Specialty Fruits,"$1,122.59 "
52,Chili or Hot Sauce,"$1,115.36 "
52,Tonic and Mixers,"$1,113.59 "
52,Cake Decorating,"$1,108.13 "
52,Canned Meat Hashes and Stews,"$1,024.89 "
52,Ethnic Specialty,"$1,020.49 "
52,Seasonal Merchandise and Misc GM,"$1,004.99 "
52,Milk or Water Modifiers,$991.48 
52,Meat Snack,$970.43 
52,Frozen Fish,$956.33 
52,Air Fresheners,$951.18 
52,Pancake and Waffle Mixes,$947.02 
52,Drink Mix,$919.47 
52,Meat or Cheese Alternative,$909.32 
52,Mustard,$880.09 
52,Refrigerated Pasta and Sauce,$861.20 
52,Cleaner Accessories,$843.44 
52,Face Care,$804.29 
52,Stuffing Products,$780.24 
52,Vinegar,$745.41 
52,Ice,$702.18 
52,Eye and Ear Care,$689.66 
52,School and Office Supplies,$633.49 
52,Baby HBC,$626.17 
52,Pickles,$622.81 
52,Dry Bean and Veg,$620.33 
52,Incontinence,$616.66 
52,Canned Pasta,$606.12 
52,Frozen Shellfish,$605.47 
52,Corn,$537.79 
52,Hardware,$537.76 
52,Gifts,$492.91 
52,Fruit Snacks,$469.49 
52,Potatoes Packaged,$460.46 
52,Cosmetic,$430.84 
52,Melons,$416.56 
52,Misc Produce,$400.44 
52,Fresh Lamb,$389.27 
52,Bulk Dried Fruit,$385.10 
52,Misc HBC,$370.10 
52,Toys,$336.17 
52,Books,$329.91 
52,Refrigerated Desserts,$327.69 
52,Salad or Side Toppings,$318.93 
52,Frozen Juice,$289.20 
52,Misc Meat,$262.75 
52,Personal Goods,$256.91 
52,Electronics,$246.77 
52,Hair Accessories,$218.16 
52,Kosher,$213.98 
52,Family Planning,$212.58 
52,Misc Dairy,$200.06 
52,Shelf Stable Milk and Milk Like Bev,$189.42 
52,Shelf Stable Entrees,$174.30 
52,Hair Color,$173.68 
52,Chili,$161.64 
52,Nail Care,$160.34 
52,Dry Packaged Dinners and Kits,$160.11 
52,Foot Care,$120.43 
52,Auto,$115.95 
52,Clothing Care,$94.26 
52,Newspapers Calendars Maps,$84.75 
52,Fresh Veal,$83.88 
52,Insect and Rodent,$61.90 
52,Hosiery,$56.15 
52,Audio Video,$54.89 
52,Salt,$44.94 
52,Sporting Goods,$44.90 
52,Frozen Pet,$34.05 
52,Bulk Beans and Grains,$29.43 
52,Diabetic,$21.98 
52,Bulk Candy,$15.41 
52,Lawn And Garden Accessories,$11.46 
52,Gift Cards,"($30,644.96)"
